{
  "Latitude": 18.593266,
  "Longitude": 73.685613
}
